"2","2","soporte","475.00","Efectivo"
"3","3","Soporte","850.00","Efectivo"
"4","4","Soporte","40.00","Efectivo"
"5","5","Encomienda","25.00","Efectivo"
"6","6","soporte","50.00","Efectivo"
"7","7","soporte","25.00","Efectivo"
"8","8","soporte","525.00","Efectivo"
"9","9","soporte","50.00","Efectivo"
"10","10","soporte","50.00","Efectivo"
"11","11","quemadora de toshiba ","175.00","Efectivo"
"12","12","Soporte","125.00","Efectivo"
"13","13","soporte","50.00","Efectivo"
"14","14","soporte","50.00","Efectivo"
"15","15","soporte","50.00","Efectivo"
"16","16","soporte","100.00","Efectivo"
"17","17","maquina dv6","125.00","Efectivo"
"18","18","soporte","50.00","Efectivo"
"19","19","Memoria DD2","285.00","Efectivo"
"20","20","soporte","75.00","Efectivo"
"21","21","soporte","325.00","Efectivo"
"22","22","arreglo de impresora y antiviruz gen ","35.00","Efectivo"
"23","23","formateada de radioimagenes","125.00","Efectivo"
"24","24","soporte","300.00","Efectivo"
"25","25","soporte","25.00","Efectivo"
"26","26","antivirus nod 32","25.00","Efectivo"
"27","27","formateo hp dv6","175.00","Efectivo"
"28","28","antivirus","25.00","Efectivo"
"29","29","venta juegos","50.00","Efectivo"
"30","30","soporte","150.00","Efectivo"
"31","31","se coloco  sistema ","125.00","Efectivo"
"32","32","soporte","50.00","Efectivo"
"33","33","se coloco pantalla ","50.00","Efectivo"
"34","34","soporte","125.00","Efectivo"
"35","35","formateo ","100.00","Efectivo"
"36","36","calentamiento del chip de video","50.00","Efectivo"
"37","37","refill de cartucho","25.00","Efectivo"
"38","38","Formateo","100.00","Efectivo"
"39","39","formateo ","100.00","Efectivo"
"40","40","formateo","125.00","Efectivo"
"41","41","formateo","125.00","Efectivo"
"42","42","Soporte","30.00","Efectivo"
"43","43","SOPORTE","20.00","Efectivo"
"44","44","Fotoshop suit","63.00","Efectivo"
"45","45","limpieza de puertos","25.00","Efectivo"
"46","46","Refiles","50.00","Efectivo"
"47","47","Soporte","75.00","Efectivo"
"48","48","soporte","150.00","Efectivo"
"49","49","soporte eddy palencia","400.00","Efectivo"
"50","50","Soporte","50.00","Efectivo"
"51","51","soporte","50.00","Efectivo"
"52","52","Instalacion de pantalla de mini","50.00","Efectivo"
"53","53","actualizacion de antivirus ","25.00","Efectivo"
"54","54","Refil","25.00","Efectivo"
"55","55","soporte","50.00","Efectivo"
"56","56","Instalacion de Microsoft Office","50.00","Efectivo"
"57","57","descarga de programa","25.00","Efectivo"
"58","58","soporte","9.00","Efectivo"
"59","59","office y refil","60.00","Efectivo"
"60","60","soporte","265.00","Efectivo"
"61","61","soporte","100.00","Efectivo"
"62","62","soporte ","175.00","Efectivo"
"63","63","2 juegos ","100.00","Efectivo"
"64","64","refil de 2 cartuchos","40.00","Efectivo"
"65","65","formateo","100.00","Efectivo"
"66","66","Relleno de Catucho","50.00","Efectivo"
"67","67","limpieza ","50.00","Efectivo"
"68","68","soporte","50.00","Efectivo"
"69","69","formateo","150.00","Efectivo"
"70","70","office 2010","50.00","Efectivo"
"71","71","Soporte","125.00","Efectivo"
"72","72","formateo","125.00","Efectivo"
"73","73","Reparacion Impresora","25.00","Efectivo"
"74","74","soporte","125.00","Efectivo"
"75","75","puesta de sistema ","50.00","Efectivo"
"76","76","Limpieza y juegos","120.00","Efectivo"
"77","77","farmateo w8","125.00","Efectivo"
"78","78","Revicion","15.00","Efectivo"
"79","79","cambio de pantalla","75.00","Efectivo"
"80","80","office 2010","35.00","Efectivo"
"81","81","formateo y limpieza","175.00","Efectivo"
"82","82","office","50.00","Efectivo"
"83","83","actualizacion skype","25.00","Efectivo"
"84","84","Reyeno de Cartucho","25.00","Efectivo"
"85","85","refiles","50.00","Efectivo"
"86","86","actualizacion ","25.00","Efectivo"
"87","87","Rellenado de Cartuchos","50.00","Efectivo"
"88","88","reparacion","150.00","Efectivo"
"89","89","Actualizacion y cambio de idioma a hp 2000","125.00","Efectivo"
"90","90","antivirus avast ","50.00","Efectivo"
"91","91","formateo","100.00","Efectivo"
"92","92","soporte","150.00","Efectivo"
"93","93","Soporte","125.00","Efectivo"
"94","94","cd y revicion ","100.00","Efectivo"
"95","95","SOPORTE","50.00","Efectivo"
"96","96","reyeno","25.00","Efectivo"
"97","97","juego","30.00","Efectivo"
"98","98","Soporte","75.00","Efectivo"
"99","99","antivirus","35.00","Efectivo"
"100","100","Soporte","125.00","Efectivo"
"101","101","Antivirus Y progamas","150.00","Efectivo"
"102","102","refil ","50.00","Efectivo"
"103","103","Refill de cartuchos","25.00","Efectivo"
"104","104","refil","25.00","Efectivo"
"105","105","soporte","50.00","Efectivo"
"106","106","REFIL ","50.00","Efectivo"
"107","107","soporte","150.00","Efectivo"
"108","108","soporte","20.00","Efectivo"
"109","109","soporte","20.00","Efectivo"
"110","110","soporte","135.00","Efectivo"
"111","111","Rellenada de Cartuchos","50.00","Efectivo"
"112","112","refil","50.00","Efectivo"
"113","113","revicion |","16.00","Efectivo"
"114","114","soporte","20.00","Efectivo"
"115","115","soporte","50.00","Efectivo"
"116","116","Soporte","100.00","Efectivo"
"117","117","revicion ","35.00","Efectivo"
"118","118","limpieza ","50.00","Efectivo"
"119","119","Refil","20.00","Efectivo"
"120","120","refil","50.00","Efectivo"
"121","121","SOPORTE ","25.00","Efectivo"
"122","122","formateo","125.00","Efectivo"
"123","123","soporte","25.00","Efectivo"
"124","124","Instalacion Encarta y antivirus","80.00","Efectivo"
"125","125","soporte","250.00","Efectivo"
"126","126","refil","50.00","Efectivo"
"127","127","soporte","50.00","Efectivo"
"128","128","formateo ","125.00","Efectivo"
"129","129","soporte","100.00","Efectivo"
"130","130","soporte","15.00","Efectivo"
"131","131","soporte","45.00","Efectivo"
"132","132","antivirus y limpieza ","40.00","Efectivo"
"133","133","SOPORTE","30.00","Efectivo"
"134","134","revicion ","5.00","Efectivo"
"135","135","soporte","125.00","Efectivo"
"136","136","formateo","118.00","Efectivo"
"137","137","revicion ","15.00","Efectivo"
"138","138","revicion ","15.00","Efectivo"
"139","139","reicion proyector ","75.00","Efectivo"
"140","140","refil","50.00","Efectivo"
"141","141","revicion ","40.00","Efectivo"
"142","142","Formateo y Limpieza","200.00","Efectivo"
"143","143","impresora brenda ","25.00","Efectivo"
"144","144","Instalar Programa","35.00","Efectivo"
"145","145","Programas Varios","85.00","Efectivo"
"146","146","Soporte","25.00","Efectivo"
"147","147","soporte","50.00","Efectivo"
"148","148","Diagnostico de hp ","30.00","Efectivo"
"149","149","formateo","200.00","Efectivo"
"150","150","office y antivirus","85.00","Efectivo"
"151","151","soporte","10.00","Efectivo"
"152","152","reparacion impresoras","75.00","Efectivo"
"153","153","Chekeo Impresora","35.00","Efectivo"
"154","154","Soporte","50.00","Efectivo"
"155","155","refil","25.00","Efectivo"
"156","156","chequeo","25.00","Efectivo"
"157","157","refil","50.00","Efectivo"
"158","158","reparacion sony","50.00","Efectivo"
"159","159","FORMATEO ","125.00","Efectivo"
"160","160","REPARACION SONY ","80.00","Efectivo"
"161","161","limpieza","25.00","Efectivo"
"162","162","antiviruz ","25.00","Efectivo"
"163","163","reparacion ","125.00","Efectivo"
"164","164","soporte","35.00","Efectivo"
"165","165","soporte","25.00","Efectivo"
"166","166","quemada de disco","35.00","Efectivo"
"167","167","refil","40.00","Efectivo"
"168","168","Antivirus Parchado","35.00","Efectivo"
"169","169","Antivirus Parchado","35.00","Efectivo"
"170","170","reparacion de laptop y formateo","250.00","Efectivo"
"171","171","impresora brenda ","30.00","Efectivo"
"172","172","Refil","50.00","Efectivo"
"173","173","SOPORTE","160.00","Efectivo"
"174","174","limpieza interna","50.00","Efectivo"
"175","175","reparcion y limpieza ","125.00","Efectivo"
"176","176","soporte","50.00","Efectivo"
"177","177","soporte","50.00","Efectivo"
"178","178","formateo","100.00","Efectivo"
"179","179","Formateo y backUp","125.00","Efectivo"
"180","180","windows 8 ","50.00","Efectivo"
"181","181","soporte","50.00","Efectivo"
"182","182","Formateo ","125.00","Efectivo"
"183","183","Refil","25.00","Efectivo"
"184","184","Refil","25.00","Efectivo"
"185","185","Instalacion de Avast","40.00","Efectivo"
"186","186","Refil negro","25.00","Efectivo"
"187","187","revicoin ","15.00","Efectivo"
"188","188","Reparacion T.M. Sony","400.00","Efectivo"
"189","189","Refill","25.00","Efectivo"
"190","190","soporte","50.00","Efectivo"
"191","191","soporte","40.00","Efectivo"
"192","192","formateo hp 530","125.00","Efectivo"
"193","193","soporte","25.00","Efectivo"
"194","194","refil","50.00","Efectivo"
"195","195","refil","100.00","Efectivo"
"196","196","SOPORTE","50.00","Efectivo"
"197","197","Formateo y backup","125.00","Efectivo"
"198","198","revicion ","95.00","Efectivo"
"199","199","refil","25.00","Efectivo"
"200","200","SOPORTE","50.00","Efectivo"
"201","201","SOPORTE","50.00","Efectivo"
"202","202","soporte","25.00","Efectivo"
"203","203","soporte","50.00","Efectivo"
"204","204","soporte","25.00","Efectivo"
"205","205","soporte","25.00","Efectivo"
"206","206","soporte","50.00","Efectivo"
"207","207","Instalacion de driver","25.00","Efectivo"
"208","208","doporte","25.00","Efectivo"
"209","209","fotmateo","125.00","Efectivo"
"210","210","Reparacion Laptop","75.00","Efectivo"
"211","211","soporte","25.00","Efectivo"
"212","212","office ","100.00","Efectivo"
"213","213","soporte","75.00","Efectivo"
"214","214","SOPORTE","125.00","Efectivo"
"215","215","refil","50.00","Efectivo"
"216","216","formateo ","150.00","Efectivo"
"217","217","limpieza interna","25.00","Efectivo"
"218","218","office","50.00","Efectivo"
"219","219","office","50.00","Efectivo"
"220","220","descarga de skype ","25.00","Efectivo"
"221","221","limpieza ","50.00","Efectivo"
"222","222","refil","25.00","Efectivo"
"223","223","soporte","18.00","Efectivo"
"224","224","formateo","125.00","Efectivo"
"226","226","Formateo","150.00","Efectivo"
"227","227","soporte ","25.00","Efectivo"
"228","228","Refill","25.00","Efectivo"
"229","229","cambio de pantalla","50.00","Efectivo"
"230","230","reparacion laptop","30.00","Efectivo"
"231","231","SOPORTE","50.00","Efectivo"
"232","232","formateo ","125.00","Efectivo"
"233","233","formateo","100.00","Efectivo"
"234","234","SOPORTE","50.00","Efectivo"
"235","235","progrmas ","50.00","Efectivo"
"236","236","widows xp","50.00","Efectivo"
"237","237","soporte","125.00","Efectivo"
"238","238","soporte","125.00","Efectivo"
"239","239","revicion ","25.00","Efectivo"
"240","240","cd w7","35.00","Efectivo"
"241","241","Soporte","15.00","Efectivo"
"242","242","soporte","100.00","Efectivo"
"243","243","activacion","15.00","Efectivo"
"244","244","activacion","15.00","Efectivo"
"245","245","revision","15.00","Efectivo"
"247","247","Rep. Cargador","50.00","Efectivo"
"250","250","Rep. Cargador","50.00","Efectivo"
"251","251","refil ","50.00","Efectivo"
"252","252","refil ","50.00","Efectivo"
"253","253","reparacion usb","10.00","Efectivo"
"254","254","Formateo","125.00","Efectivo"
"255","255","formateo melvin","100.00","Efectivo"
"256","256","formateo","125.00","Efectivo"
"257","257","Formateo AZZA","125.00","Efectivo"
"258","258","soporte","10.00","Efectivo"
"259","259","Formateo","175.00","Efectivo"
"260","260","fomateo ","125.00","Efectivo"
"261","261","soporte","125.00","Efectivo"
"262","262","formateo ","125.00","Efectivo"
"263","263","soporte","30.00","Efectivo"
"264","264","sopote","50.00","Efectivo"
"265","265","soporte","40.00","Efectivo"
"266","266","soporte","40.00","Efectivo"
"267","267","soporte","40.00","Efectivo"
"268","268","soporte","40.00","Efectivo"
"269","269","soporte","50.00","Efectivo"
"270","270","soporte","40.00","Efectivo"
"271","271","soporte","40.00","Efectivo"
"272","272","mantenimeinto de flex","40.00","Efectivo"
"273","273","cambio de pantalla","50.00","Efectivo"
"274","274","refil","50.00","Efectivo"
"275","275","formateo","125.00","Efectivo"
"276","276","formateo","125.00","Efectivo"
"277","277","intalacion juegos en tablet","10.00","Efectivo"
"278","278","Soporte","75.00","Efectivo"
"279","279","revision ","25.00","Efectivo"
"280","280","Instalacion de Programas","35.00","Efectivo"
"281","281","DESIFECTADO DE MEMORIA ","25.00","Efectivo"
"282","282","teclado limp","25.00","Efectivo"
"283","283","Formateo Laptop","125.00","Efectivo"
"284","284","Reparacion cargadaor ","50.00","Efectivo"
"285","285","formateo","50.00","Efectivo"
"286","286","cargador ","50.00","Efectivo"
"287","287","Refil","50.00","Efectivo"
"288","288","soporte","50.00","Efectivo"
"289","289","SOLDADURA","10.00","Efectivo"
"290","290","refil","75.00","Efectivo"
"291","291","Formateo","125.00","Efectivo"
"292","292","formateo dell don juan Herrera","100.00","Efectivo"
"293","293","soporte","25.00","Efectivo"
"294","294","refill","50.00","Efectivo"
"295","295","Formateo","125.00","Efectivo"
"296","296","reparacion toshiba","245.00","Efectivo"
"297","297","Actualizacion","50.00","Efectivo"
"298","298","limpieza","75.00","Efectivo"
"299","299","soporte","50.00","Efectivo"
"300","300","refil","50.00","Efectivo"
"301","301","Soporte","25.00","Efectivo"
"302","302","formateo","125.00","Efectivo"
"303","303","Fromateo laptop","125.00","Efectivo"
"304","304","formateo","100.00","Efectivo"
"305","305","recuperacion de contraseÃ±a","200.00","Efectivo"
"306","306","Juegos","60.00","Efectivo"
"307","307","refil","25.00","Efectivo"
"308","308","refil","25.00","Efectivo"
"309","309","formateo","125.00","Efectivo"
"310","310","Instalacion Photoshop","25.00","Efectivo"
"311","311","limpieza","80.00","Efectivo"
"312","312","soporte ","100.00","Efectivo"
"313","313","acble sata ","10.00","Efectivo"
"314","314","refil","50.00","Efectivo"
"315","315","LIMPIESA","80.00","Efectivo"
"316","316","limpieza","71.00","Efectivo"
"317","317","limpiesa","80.00","Efectivo"
"318","318","FORMATEO","125.00","Efectivo"
"319","319","Cambio pantalla","50.00","Efectivo"
"320","320","reparacion dell","120.00","Efectivo"
"321","321","refill","25.00","Efectivo"
"322","322","reparcion ","100.00","Efectivo"
"323","323","ponchada","10.00","Efectivo"
"324","324","refill","50.00","Efectivo"
"325","325","revision","25.00","Efectivo"
"326","326","Actualizacion tablet","40.00","Efectivo"
"327","327","limpieza","80.00","Efectivo"
"328","328","Refil","50.00","Efectivo"
"329","329","cambio de pantalla","5.00","Efectivo"
"330","330","cambio de pantalla ","45.00","Efectivo"
"331","331","bateria mother","10.00","Efectivo"
"332","332","actualisacion","25.00","Efectivo"
"333","333","instalacion de programas","35.00","Efectivo"
"334","334","limpieza","80.00","Efectivo"
"335","335","instalacion de programas","35.00","Efectivo"
"336","336","cambio de pantalla","50.00","Efectivo"
"337","337","cambio de pantalla","50.00","Efectivo"
"338","338","reparacion","100.00","Efectivo"
"339","339","Reparacion","250.00","Efectivo"
"340","340","reparacion de tecla","10.00","Efectivo"
"341","341","Reparacion","350.00","Efectivo"
"342","342","formateo","100.00","Efectivo"
"343","343","formateo","100.00","Efectivo"
"344","344","formateo","100.00","Efectivo"
"345","345","Soporte","10.00","Efectivo"
"346","346","refil","50.00","Efectivo"
"347","347","Refil","50.00","Efectivo"
"348","348","Formateo","125.00","Efectivo"
"349","349","formateo","100.00","Efectivo"
"350","350","reparacion ","175.00","Efectivo"
"351","351","reparacion impresora","25.00","Efectivo"
"352","352","reparacion de impresora","50.00","Efectivo"
"353","353","Limpieza y RevisiÃ³n General","75.00","Efectivo"
"354","354","formateo","125.00","Efectivo"
"355","355","Formateo de Maquina","125.00","Efectivo"
"356","356","refil","25.00","Efectivo"
"357","357","refil","50.00","Efectivo"
"358","358","soporte impresora","35.00","Efectivo"
"359","359","disco win 8","50.00","Efectivo"
"360","360","Soporte","50.00","Efectivo"
"361","361","areglo impresora","30.00","Efectivo"
"362","362","llenado","25.00","Efectivo"
"363","363","llenado","25.00","Efectivo"
"364","364","llenado","25.00","Efectivo"
"365","365","instalacion de programa","25.00","Efectivo"
"366","366","Formateo y limpieza","200.00","Efectivo"
"367","367","refil","25.00","Efectivo"
"368","368","refil","25.00","Efectivo"
"369","369","Reparacion Cargador","78.00","Efectivo"
"370","370","Formateo","125.00","Efectivo"
"371","371","limpieza","55.00","Efectivo"
"372","372","limpieza","20.00","Efectivo"
"373","373","programas","32.00","Efectivo"
"374","374","limpieza ","100.00","Efectivo"
"375","375","formateo","125.00","Efectivo"
"376","376","limpieza","75.00","Efectivo"
"377","377","revicion","15.00","Efectivo"
"378","378","formateo","125.00","Efectivo"
"379","379","formateo y limpieza","200.00","Efectivo"
"380","380","formateo","100.00","Efectivo"
"381","381","refil","50.00","Efectivo"
"382","382","recopilacion de archivos","25.00","Efectivo"
"383","383","formateo","110.00","Efectivo"
"384","384","FORMATEO","150.00","Efectivo"
"385","385","LIMPIEZA Y FOORMATEO","200.00","Efectivo"
"386","386","refil","25.00","Efectivo"
"387","387","refill","25.00","Efectivo"
"388","388","Limpieza","75.00","Efectivo"
"389","389","formateo y limpieza","200.00","Efectivo"
"390","390","conexion rj45","7.00","Efectivo"
"391","391","revicion de usb","5.00","Efectivo"
"392","392","limpieza","80.00","Efectivo"
"393","393","refil","50.00","Efectivo"
"394","394","formateo y limpieza","200.00","Efectivo"
"395","395","REFIL","25.00","Efectivo"
"396","396","REPARACION","45.00","Efectivo"
"397","397","refil","50.00","Efectivo"
"398","398","refil","25.00","Efectivo"
"399","399","instalacion","25.00","Efectivo"
"400","400","formateo","125.00","Efectivo"
"401","401","refil","25.00","Efectivo"
"402","402","cambio de pantalla","50.00","Efectivo"
"403","403","formateo","90.00","Efectivo"
"404","404","formateo","90.00","Efectivo"
"405","405","formateo y limpieza","200.00","Efectivo"
"406","406","refil","50.00","Efectivo"
"407","407","formateo","125.00","Efectivo"
"408","408","LIMPIEZA","75.00","Efectivo"
"409","409","Cambio de pantalla","50.00","Efectivo"
"410","410","formateo","125.00","Efectivo"
"411","411","instalacion de programas","125.00","Efectivo"
"412","412","Formateo","111.00","Efectivo"
"413","413","refil","50.00","Efectivo"
"414","414","limpieza cpu","80.00","Efectivo"
"415","415","formateo","125.00","Efectivo"
"416","416","Formateo","83.00","Efectivo"
"417","417","cambio de idioma","75.00","Efectivo"
"418","418","instalacion de programas","25.00","Efectivo"
"419","419","programa","50.00","Efectivo"
"420","420","refil","25.00","Efectivo"
"421","421","limpieza software","75.00","Efectivo"
"422","422","formateo y limpieza","200.00","Efectivo"
"423","423","instalacion de programas","35.00","Efectivo"
"424","424","Cambio Pantalla","50.00","Efectivo"
"425","425","InstalaciÃ³n Office","40.00","Efectivo"
"427","427","soporte tecnico","25.00","Efectivo"
"428","428","Formateo","100.00","Efectivo"
"429","429","Formateo portatil don Juan","100.00","Efectivo"
"430","430","colocacion de pantalla","50.00","Efectivo"
"431","431","Formateo","100.00","Efectivo"
"432","432","Limpieza","30.00","Efectivo"
"433","433","refil","100.00","Efectivo"
"434","434","reparacion flex","30.00","Efectivo"
"435","435","formateo","50.00","Efectivo"
"436","436","Formateo","100.00","Efectivo"
"437","437","configuracion router nexxt nebula","55.00","Efectivo"
"438","438","Limpieza","50.00","Efectivo"
"439","439","cambio de pantalla ","50.00","Efectivo"
"440","440","cambio pantalla","50.00","Efectivo"
"441","441","formateo","125.00","Efectivo"
"442","442","Venta de Office","50.00","Efectivo"
"443","443","Refill","50.00","Efectivo"
"446","446","Cambio de Motherboard y pantalla hp G42","150.00","Efectivo"
"447","447","refill","50.00","Efectivo"
"448","448","instalacion de disco duro para portatil","50.00","Efectivo"
"449","449","Mantenimiento","50.00","Efectivo"
"450","450","formateo","125.00","Efectivo"
"451","451","limpieza y cambio de fuente","80.00","Efectivo"
"452","452","antivirus","35.00","Efectivo"
"453","453","refil ","25.00","Efectivo"
"454","454","revicion","25.00","Efectivo"
"455","455","formateo y limpieza","200.00","Efectivo"
"456","456","limpieza y formateo","200.00","Efectivo"
"457","457","rebicion","25.00","Efectivo"
"458","458","realizacion de cable","10.00","Efectivo"
"459","459","Cambio de procesador y calentamiento de chip de vi","350.00","Efectivo"
"460","460","instalacion de programa","25.00","Efectivo"
"461","461","limpieza y formateo","200.00","Efectivo"
"462","462","limpieza","50.00","Efectivo"
"463","463","cable","20.00","Efectivo"
"464","464","limpieza","75.00","Efectivo"
"465","465","refil","25.00","Efectivo"
"466","466","recuperacion archivos ","50.00","Efectivo"
"467","467","formateo","125.00","Efectivo"
"468","468","formateo y limpiez","205.00","Efectivo"
"469","469","refil","50.00","Efectivo"
"470","470","instalacion de disco duro y formateo","100.00","Efectivo"
"471","471","limpÃ­eza","78.00","Efectivo"
"472","472","refil color","25.00","Efectivo"
"473","473","formateo","125.00","Efectivo"
"475","475","FORMATEO","150.00","Efectivo"
"476","476","refil","25.00","Efectivo"
"477","477","reparacio","25.00","Efectivo"
"478","478","refil","25.00","Efectivo"
"479","479","formateo y limpieza","200.00","Efectivo"
"480","480","disco de mp 280","10.00","Efectivo"
"481","481","Controladores para hp mini","15.00","Efectivo"
"483","483","formateo","125.00","Efectivo"
"484","484","refil","25.00","Efectivo"
"485","485","REFIL","50.00","Efectivo"
"486","486","limpieza","75.00","Efectivo"
"488","488","Programas","25.00","Efectivo"
"489","489","recovery ","100.00","Efectivo"
"490","490","reinstalacion de cable de poder de pantalla","30.00","Efectivo"
"491","491","Soporte","25.00","Efectivo"
"492","492","formateo ","125.00","Efectivo"
"493","493","Rellenado de cartuchos","50.00","Efectivo"
"494","494","Formateo ALL in ONE","111.00","Efectivo"
"495","495","formateo","125.00","Efectivo"
"496","496","Reparacion","75.00","Efectivo"
"497","497","soldadura de entrada de cargador","150.00","Efectivo"
"498","498","Cambio de teclado para toshiba mini NB","25.00","Efectivo"
"499","499","Refill de cartucho canon 210","25.00","Efectivo"
"500","500","Instalacion antivirus generico a todo en uno compa","25.00","Efectivo"
"501","501","arreglo de impresora mp280","25.00","Efectivo"
"502","502","Lipieza de Soquet RAM HP G42","30.00","Efectivo"
"503","503","Diagnostico HP Mini","25.00","Efectivo"
"504","504","refill","25.00","Efectivo"
"505","505","refil","15.00","Efectivo"
"506","506","visita y reparacion de impresora en la clinica del","50.00","Efectivo"
"507","507","cambio pantalla","50.00","Efectivo"
"508","508","formateo","150.00","Efectivo"
"509","509","limpieza y formateo de hp mini,","175.00","Efectivo"
"510","510","Limpieza y formateo","230.00","Efectivo"
"511","511","limpieza de portatil ","80.00","Efectivo"
"512","512","Cambio de Pantalla","50.00","Efectivo"
"513","513","Formateo maquina don Juan Herrera","100.00","Efectivo"
"514","514","formateo y limpieza","330.00","Efectivo"
"515","515","rebicion toshiba vijita sin solucion","25.00","Efectivo"
"516","516","reparacion caÃ±onera epson, colocacion de lente de","85.00","Efectivo"
"517","517","refil","50.00","Efectivo"
"518","518","formateo","100.00","Efectivo"
"519","519","juegos ","95.00","Efectivo"
"520","520","instalacion de autocad","50.00","Efectivo"
"521","521","formateo, limpieza interna y externa","275.00","Efectivo"
"522","522","formateo dell studio azul","125.00","Efectivo"
"523","523","formateo","125.00","Efectivo"
"524","524","areglo sistema de tinta continua","30.00","Efectivo"
"525","525","refil tinta negra","25.00","Efectivo"
"526","526","colocacion de 2 puntas rj45","6.00","Efectivo"
"527","527","cambio de cartuchos de impreosra canon de transpor","50.00","Efectivo"
"528","528","4 Refiles","100.00","Efectivo"
"530","530","Refiles Color y Negro","50.00","Efectivo"
"531","531","cambio pantalla","50.00","Efectivo"
"532","532","formateo","75.00","Efectivo"
"533","533","limpieza","100.00","Efectivo"
"534","534","Limpieza y formateo de mini laptop sony","200.00","Efectivo"
"535","535","formateo pc de escritorio pentium","125.00","Efectivo"
"536","536","controlador ip1900","25.00","Efectivo"
"538","538","cambio pantalla","50.00","Efectivo"
"539","539","formateo de tablet eurocase","125.00","Efectivo"
"540","540","reinicio de impresora l 200","50.00","Efectivo"
"541","541","regeneracion de disco duro","50.00","Efectivo"
"542","542","revicion de compu dell","25.00","Efectivo"
"543","543","recovery tablet","30.00","Efectivo"
"544","544","Refill de cartuchos canon 2700","25.00","Efectivo"
"545","545","Instalacion de Adobe","40.00","Efectivo"
"546","546","puesta de conectores rj45","10.00","Efectivo"
"547","547","limpieza","35.00","Efectivo"
"548","548","Cable Sata","10.00","Efectivo"
"549","549","Cambio de teclado en hp DV5 blanca","25.00","Efectivo"
"550","550","cambio de pantalla","50.00","Efectivo"
"551","551","puesta de pantalla","50.00","Efectivo"
"552","552","refil tinta negra","25.00","Efectivo"
"553","553","instalacion de adobe","40.00","Efectivo"
"554","554","Reparacion Sistema de Tinta Continuo","40.00","Efectivo"
"555","555","3 Refill de cartuchos","75.00","Efectivo"
"556","556","cambio de cartuchos de canon mp280","40.00","Efectivo"
"557","557","revicion de cpu","25.00","Efectivo"
"558","558","reparacion de mini laptop","125.00","Efectivo"
"559","559","Reparacion de impresora L200","40.00","Efectivo"
"560","560","formateo","125.00","Efectivo"
"561","561","Formateo","100.00","Efectivo"
"562","562","formateo","125.00","Efectivo"
"563","563","desinfeccion usb","5.00","Efectivo"
"564","564","formateo","150.00","Efectivo"
"565","565","instalacion de juegos tablet titan","15.00","Efectivo"
"566","566","formateo de maquina de escritorio de Ester Palacio","125.00","Efectivo"
"567","567","instalacion de photoshop full edition","40.00","Efectivo"
"568","568","formateo","110.00","Efectivo"
"569","569","instalacion teclado ","50.00","Efectivo"
"570","570","limpieza interna","75.00","Efectivo"
"571","571","refil tinta negra","25.00","Efectivo"
"572","572","colocacion de cable hdd","30.00","Efectivo"
"573","573","audifonos","10.00","Efectivo"
"574","574","Refill","25.00","Efectivo"
"575","575","instalacion offie","40.00","Efectivo"
"576","576","refil","25.00","Efectivo"
"577","577","REFIL COLOR","25.00","Efectivo"
"578","578","formateo e instalacion de programas","200.00","Efectivo"
"579","579","formateo","125.00","Efectivo"
"580","580","instalacion de impresora punto de venta","15.00","Efectivo"
"581","581","instalacion de impresora","40.00","Efectivo"
"582","582","Regeneracion de disco","50.00","Efectivo"
"583","583","instalacion de sistema de tinta continuo","40.00","Efectivo"
"584","584","refil","25.00","Efectivo"
"585","585","limpieza y mantenimiento","35.00","Efectivo"
"586","586","refil ","25.00","Efectivo"
"587","587","reparaciones varias","100.00","Efectivo"
"588","588","formateo","115.00","Efectivo"
"589","589","formateo ","130.00","Efectivo"
"590","590","limpieza ","75.00","Efectivo"
"591","591","areglo de coneccion ","10.00","Efectivo"
"592","592","limpieza de slot ram ","30.00","Efectivo"
"593","593","Formateo de Laptop","125.00","Efectivo"
"594","594","Cambio de Tecla para Laptop","15.00","Efectivo"
"595","595","reparacion ","30.00","Efectivo"
"596","596","cambio de fuente quemada","32.00","Efectivo"
"597","597","Revicion office","25.00","Efectivo"
"598","598","formateo","125.00","Efectivo"
"599","599","formateo","125.00","Efectivo"
"600","600","revicion ","25.00","Efectivo"
"601","601","Limpieza interna CPU Jenny","75.00","Efectivo"
"602","602","limpieza e instalacion","250.00","Efectivo"
"603","603","limpieza e instalacion de windows","200.00","Efectivo"
"604","604","Revicion","25.00","Efectivo"
"605","605","programa","20.00","Efectivo"
"606","606","revicion de maquina","25.00","Efectivo"
"607","607","Convertir canciones","20.00","Efectivo"
"608","608","formateo","125.00","Efectivo"
"609","609","Refil","25.00","Efectivo"
"610","609","Configuracion de Router","15.00","Efectivo"
"611","611","Soporte Tecnico","200.00","Efectivo"
"612","612","Refil","25.00","Efectivo"
"613","613","Instalacion de Disco Duro","100.00","Efectivo"
"614","616","Refiles","50.00","Efectivo"
"618","618","Limpieza Cache Tablet","25.00","Efectivo"
"619","619","Formateo de computadora Lorena Pais","125.00","Efectivo"
"620","621","limpieza","75.00","Efectivo"
"621","623","cambio de pantaklla ","50.00","Efectivo"
"622","624","instalacion de wimdows 8","50.00","Tarjeta"
"623","626","refil","25.00","Efectivo"
"624","627","Mantenimiento Impresora","30.00","Efectivo"
"625","628","cambio de idioma ","20.00","Efectivo"
"626","629","reparacion sistema","75.00","Efectivo"
"627","630","MANTENIMIENTO DE IMPRESORA","25.00","Efectivo"
"628","631","juegos en 2 tablet","100.00","Efectivo"
"629","632","revicion de red","3.00","Efectivo"
"630","633","cable utp ","10.00","Efectivo"
"631","634","cambio touchpad compacq","35.00","Efectivo"
"632","635","juegos ","50.00","Efectivo"
"633","636","limpieza e instalaciÃ³n de disco duro","100.00","Efectivo"
"634","637","cambio pantalla","50.00","Efectivo"
"635","638","instalaciÃ³n de pantalla","50.00","Efectivo"
"636","639","juegos tablet s","45.00","Efectivo"
"637","641","antivirus","25.00","Efectivo"
"638","642","aroldo sosa","176.00","Cheque"
"639","643","formateo","100.00","Efectivo"
"640","644","formateo toshiba arlan ","125.00","Efectivo"
"641","646","refil","25.00","Efectivo"
"642","647","revicion","25.00","Efectivo"
"643","648","formateo laptop hp ","100.00","Efectivo"
"644","649","formateo tablet","200.00","Cheque"
"645","650","Revicion Tablet","25.00","Efectivo"
"647","651","formateo y limpieza","190.00","Tarjeta"
"648","652","formateo e instalacion","200.00","Efectivo"
"650","654","recuperacion de informacion de disco duro","50.00","Efectivo"
"651","655","limpieza de porttail ","15.00","Efectivo"
"652","656","reparacion ipod","10.00","Efectivo"
"653","657","formateo","100.00","Efectivo"
"654","659","Formateo de Laptop","125.00","Efectivo"
"656","661","formate o limpieza","175.00","Efectivo"
"657","662","formateo laptop dell ","100.00","Efectivo"
"658","663","descargas juegos tablet ","15.00","Efectivo"
"659","664","formateo de tablt ","100.00","Efectivo"
"660","665","juego","65.00","Efectivo"
"661","666","hecha de cable","10.05","Efectivo"
"662","667","formateo ","125.00","Efectivo"
"664","668","formateo pc amarilla","118.00","Tarjeta"
"665","669","cambio idioma y programs esenciales ","100.00","Efectivo"
"666","670","Revicion Disco duro Diego CastaÃ±eda","25.00","Efectivo"
"667","671","formateo ","125.00","Efectivo"
"668","672","refil","50.00","Efectivo"
"669","673","4 Cables Sata","10.00","Efectivo"
"670","674","Formateo Laptop","125.00","Efectivo"
"671","675","echa de clabes utp ","5.00","Efectivo"
"672","676","rebicion de disco duro","10.00","Efectivo"
"673","679","limpieza portatil jeovany pazzetty","50.00","Efectivo"
"674","679","cambio de idioma","25.00","Efectivo"
"675","680","rebiciÃ³n y diagnostico","25.00","Efectivo"
"676","681","refil","25.00","Efectivo"
"677","682","cambo de procesadort y limpieza ","575.00","Efectivo"
"678","683","RECOVERY ","40.00","Efectivo"
"679","684","refil","25.00","Efectivo"
"680","685","limpieza de monitor ","25.00","Efectivo"
"681","686","puesta de protector de pantalla ipad air","10.00","Efectivo"
"682","687","limpieza y formateo","200.00","Efectivo"
"683","688","office ","50.00","Efectivo"
"684","689","formateoy limpieza ","125.00","Efectivo"
"685","690","refil","50.00","Efectivo"
"686","690","limpieza interna cpu ","75.00","Efectivo"
"687","691","refil","50.00","Efectivo"
"688","692","Descarga de Juegos para Tablet","50.00","Efectivo"
"689","693","hecha de cables","90.00","Efectivo"
"690","694","instalacion impresora ip1900","15.00","Efectivo"
"691","696","revision cpu ","25.00","Efectivo"
"692","698","formateo carlos espaÃ±a todo en uno HP","125.00","Efectivo"
"693","699","Formateo de computadora de escritorio","125.00","Efectivo"
"701","704","istalacion de programas ","75.00","Tarjeta"
"702","705","Limpieza interna CPU HP","75.00","Efectivo"
"703","706","refil","25.00","Efectivo"
"704","707","formateo de dell 14""","125.00","Efectivo"
"705","708","instalacion de itoons y office 2010","75.00","Efectivo"
"706","709","Refil Color","25.00","Efectivo"
"707","710","formateo henti Esteban","75.00","Efectivo"
"708","711","revicion actualizacion","25.00","Efectivo"
"710","714","revision ","25.00","Efectivo"
"711","715","refil ","50.00","Efectivo"
"712","718","formateo clon, toshiba azul","350.00","Efectivo"
"713","719","instalacion office","45.00","Efectivo"
"714","721","restauracion de so kooltab","50.00","Deposito"
"715","721","restauracion de so kooltab","75.00","Efectivo"
"716","769","formateo oloroso","125.00","Efectivo"
"717","770","limpieza y reparacion de inicio de windows ","125.00","Efectivo"
"718","771","refil","50.00","Efectivo"
"719","772","refil","50.00","Efectivo"
"720","773","Refil","50.00","Efectivo"
"721","774","revicion de impresora ","25.00","Efectivo"
"722","776","limpieza dell roja","75.00","Efectivo"
"723","777","refil ","50.00","Efectivo"
"724","778","instalacion de office","50.00","Efectivo"
"725","779","ReconstrucciÃ³n/Limpieza/Formateo/Reg. Discos ","300.00","Efectivo"
"726","780","Limpieza de portatil dell","75.00","Efectivo"
"727","781","formateo delmy rodas","125.00","Efectivo"
"728","783","revicion ","10.00","Efectivo"
"729","784","recovery tabled de lizbet","50.00","Efectivo"
"730","784","formateo y limpeza del inspero","200.00","Efectivo"
"731","785","diagnostico de pc de escritorio ","25.00","Efectivo"
"732","786","formateo sony vaio","125.00","Efectivo"
"733","787","cambio disco duro","75.00","Efectivo"
"734","788","relleno","50.00","Efectivo"
"735","789","revicion vaio VCP","25.00","Efectivo"
"736","790","Formateo de Laptop","125.00","Efectivo"
"737","791","Formateo HP G42 14""","125.00","Efectivo"
"738","793","Refill 2 cartuchos","50.00","Efectivo"
"739","794","formateo y limpieza","200.00","Tarjeta"
"740","795","formateo, limpieza y cambio de boton. ","230.00","Efectivo"
"741","796","grabaciÃ³n de win XP y office 2010","60.00","Efectivo"
"743","797","colocacion de pantalla hp de rony mijangos","50.00","Deposito"
"744","798","Formateo Walter Moran","125.00","Efectivo"
"745","799","cable sata","8.00","Efectivo"
"746","801","formateo g42 hp ","125.00","Efectivo"
"747","802","diagnostico de acer aspire one","25.00","Efectivo"
"748","803","formateo Rosario Barera","125.00","Efectivo"
"749","804","limpieza externa ","25.00","Efectivo"
"750","805","revision de router ","15.00","Efectivo"
"751","806","karala soto","75.00","Efectivo"
"752","807","revision de impresora","25.00","Efectivo"
"753","808","formateo y limpieza ","175.00","Efectivo"
"754","809","Soporte TÃ©cnico (ReparaciÃ³n Mini Laptop)","200.00","Efectivo"
"755","810","formateo y limpieza","175.00","Efectivo"
"756","811","reparacion de adaptador wifi","200.00","Efectivo"
"757","812","formateo, limpieza e instalacion de memoria ram dd","525.00","Efectivo"
"758","814","fotmateo gateway","100.00","Efectivo"
"759","815","fotmateo siny vaio","100.00","Efectivo"
"760","816","revision de ipod touch","25.00","Efectivo"
"761","817","cambio de boton ","20.00","Efectivo"
"762","818","REPARACION DE IMPRESORAS","47.50","Tarjeta"
"763","819","Reparacion impresora","20.00","Efectivo"
"764","819","Configuracion Wiffi","25.00","Efectivo"
"765","822","limpieza y formateo de Kerin Orellana","190.00","Tarjeta"
"766","823","formateo","125.00","Efectivo"
"767","824","instalacion de pantalla dell","50.00","Efectivo"
"768","825","recovery ","60.00","Efectivo"
"769","826","pegar soporte de pantalla ","50.00","Efectivo"
"770","827","RESTAURACION ","15.00","Efectivo"
"771","829","reformateo de todo en uno","100.00","Efectivo"
"772","830","cable sata","10.00","Efectivo"
"773","831","instalacion de antivirus","30.00","Efectivo"
"777","835","Configuracion de Router","25.00","Efectivo"
"778","836","Refil","50.00","Efectivo"
"779","837","formateo y limpieza","150.00","Efectivo"
"780","838","formateo y limpieza +","125.00","Efectivo"
"781","840","InstalaciÃ³n de Conectores a Cable utp","18.00","Tarjeta"
"782","841","formateo sin programas","100.00","Efectivo"
"783","842","Soporte TÃ©cnico","75.00","Efectivo"
"784","845","colocacion de pantalla de charon vasquez","50.00","Efectivo"
"785","846","refil de cartuchos ","50.00","Efectivo"
"786","846","formateo","150.00","Efectivo"
"787","847","refil ","50.00","Efectivo"
"788","848","limpieza y formateo","200.00","Efectivo"
"789","849","venta de cable IDE ","20.00","Efectivo"
"790","850","formateo","125.00","Efectivo"
"792","853","refil","25.00","Efectivo"
"793","854","refil ","50.00","Efectivo"
"794","855","cable ","10.00","Efectivo"
"795","856","refil","25.00","Efectivo"
"796","857","reset de impresora","50.00","Efectivo"
"797","858","limpieza","70.25","Tarjeta"
"798","859","restauracion de mac","250.00","Efectivo"
"799","860","Formateo","125.00","Efectivo"
"800","861","Colocacion de Conectores a cable utp","10.00","Efectivo"
"801","863","formateo de mini  hp ","125.00","Efectivo"
"803","865","Mantenimiento de impresora l200","25.00","Cheque"
"804","865","formateo de 3 cpu jara ","375.00","Cheque"
"805","866","formateo dell roja ","125.00","Efectivo"
"806","867","formateo toshiba portatil","100.00","Efectivo"
"807","868","formateo y limpieza","200.00","Efectivo"
"808","870","refil","25.00","Efectivo"
"809","871","Abono formateo toshiba","25.00","Efectivo"
"810","872","limpieza","75.00","Efectivo"
"811","873","formateo","80.00","Efectivo"
"812","874","cambio de pantalla","50.00","Tarjeta"
"813","875","formateo","125.00","Efectivo"
"814","876","arreglo de toshiba doctor ","10.00","Efectivo"
"815","878","hecha de cable utp ","10.00","Efectivo"
"816","879","Resoldadura chip de video","75.00","Efectivo"
"817","880","REVICION ","25.00","Efectivo"
"818","881","revicion cpu ","25.00","Efectivo"
"819","882","refil color/negro","50.00","Efectivo"
"820","883","hecha de cable","10.00","Efectivo"
"821","884","formateo laptop","125.00","Efectivo"
"822","885","Formateo, limpeza y reparacion de bisagra HP455","250.00","Efectivo"
"823","886","instalacion de un programa","30.00","Efectivo"
"824","888","formateo","125.00","Efectivo"
"825","889","formateo","125.00","Efectivo"
"826","890","formateo todo en uno","125.00","Efectivo"
"827","891","rebicion","25.00","Efectivo"
"828","892","Revidion mini Aser","25.00","Efectivo"
"829","893","FORMATEO ASUS","125.00","Efectivo"
"830","894","revision de disco duro","20.00","Efectivo"
"831","895","5 servicios de mantenimiento y actualizacion en Ma","759.00","Cheque"
"832","896","instalaciÃ³n de programa","20.00","Efectivo"
"833","896","Limpieza y formateo","200.00","Tarjeta"
"834","897","formateo laptop hp","125.00","Efectivo"
"835","898","revision","25.00","Efectivo"
"836","899","revision de impresora","25.00","Efectivo"
"837","900","refil negro y color","50.00","Efectivo"
"838","901","areglo de flex","30.00","Efectivo"
"839","902","cpu de luis alberto, boton y limpieza memoria ram","50.00","Efectivo"
"840","903","refil","25.00","Efectivo"
"841","904","cambio de teclas touchmouse dell mini 11 a fredy c","200.00","Efectivo"
"842","905","refil","50.00","Efectivo"
"843","905","impresora ","21.00","Efectivo"
"844","906","formateo cpu","125.00","Efectivo"
"845","908","revicion iris abzun","25.00","Efectivo"
"846","909","reparacion de boton","25.00","Efectivo"
"847","910","refil","50.00","Efectivo"
"848","911","limpieza de lenovo ","75.00","Efectivo"
"849","912","Instalacion de programas ","100.00","Efectivo"
"850","913","formateo","100.00","Efectivo"
"851","914","Limpieza","75.00","Efectivo"
"852","915","Limpiesa de compu","100.00","Efectivo"
"853","916","reparacion de flex","150.00","Efectivo"
"854","917","refil","25.00","Efectivo"
"855","918","formateo hilda guerra","100.00","Efectivo"
"856","919","limpieza hp blanca ","75.00","Efectivo"
"857","920","revisiÃ³n de tablet","25.00","Efectivo"
"858","921","Refil ","50.00","Efectivo"
"859","922","limpieza","75.00","Efectivo"
"860","924","formateooo ","10.00","Efectivo"
"861","924","formateo ","90.00","Efectivo"
"862","925","formateo y limpieza ","175.00","Efectivo"
"863","926","Refil Color y negro","50.00","Efectivo"
"864","927","limpieza ","75.00","Efectivo"
"865","928","refil","50.00","Efectivo"
"866","929","refil","25.00","Efectivo"
"867","930","recovery e instalacion de programas y juegos de ta","75.00","Efectivo"
"868","931","FORMATEO","125.00","Efectivo"
"870","933","refil ","25.00","Efectivo"
"871","934","instalacion de programa","50.00","Efectivo"
"872","935","limpieza memoria ram laptop toshiba","50.00","Efectivo"
"873","936","ponchada","10.00","Efectivo"
"874","937","recovery tablet asus memopad","25.00","Efectivo"
"875","939","limpiesa laptop","75.00","Efectivo"
"876","940","reparacion de circuito de carga dell","250.00","Efectivo"
"877","941","cambio de teclado hp","25.00","Tarjeta"
"878","942","formateo samnung mini","125.00","Efectivo"
"879","943","limpieza soni vaio gris","75.00","Efectivo"
"880","944","revision laptop sony de alejandro hernandez","125.00","Efectivo"
"881","945","formateo laptop leonel acosta","125.00","Efectivo"
"882","945","refil cartucho 211","25.00","Efectivo"
"883","946","instalacion de atube ","10.00","Efectivo"
"884","947","refil","25.00","Efectivo"
"885","948","venta de cable usb 3.0","50.00","Efectivo"
"886","950","formateo laptop y cpu ana cordon ","250.00","Efectivo"
"887","951","cambio de pantalla acer mini","50.00","Efectivo"
"888","952","refil","25.00","Efectivo"
"889","953","refil","25.00","Efectivo"
"890","954","refil","25.00","Efectivo"
"891","955","forrmateo","75.00","Efectivo"
"892","956","formateo e instalacion de auto cad","110.00","Deposito"
"893","956","formateo e instalacion de auto cad","110.00","Efectivo"
"894","957","limpieza de cpu roy ","70.00","Efectivo"
"895","958","escaneo usb","10.00","Efectivo"
"896","959","cambio de entrada de cargador","75.00","Efectivo"
"897","960","cambio  puerto de carga","75.00","Efectivo"
"898","961","formateo de samnsun","200.00","Efectivo"
"899","961","formateo de toshiba ","75.00","Efectivo"
"900","963","formateo","150.00","Efectivo"
"901","964","instalacion de programa","50.00","Efectivo"
"902","965","formateo y reconstrucciÃ³n de bisagra sony vaio We","225.00","Efectivo"
"903","966","revision epson l210","25.00","Efectivo"
"904","967","instalacion de office","50.00","Efectivo"
"905","968","instalacion de programas","100.00","Efectivo"
"906","971","formateo ","125.00","Efectivo"
"907","972","DIAGNOSTICO","50.00","Efectivo"
"908","973","2 Juegos para Wii","100.00","Efectivo"
"909","974","limpieza ","150.00","Efectivo"
"910","975","PONCHADA","10.00","Efectivo"
"911","976","revision de impresora","25.00","Efectivo"
"912","977","Refeil","25.00","Efectivo"
"913","978","formateo e instalacion de disco duro","150.00","Efectivo"
"914","978","venta de cable sata","10.00","Efectivo"
"915","979","Instalacion de teclado","25.00","Efectivo"
"916","980","revision compaq","50.00","Efectivo"
"917","981","formateo","150.00","Efectivo"
"918","983","instalacion office ","50.00","Efectivo"
"919","984","refil","25.00","Efectivo"
"920","985","desinfeccion de usb","25.00","Efectivo"
"921","986","refil","50.00","Efectivo"
"922","988","ponchada de cable","10.00","Efectivo"
"923","989","formateo","150.00","Efectivo"
"924","993","limpieza interna de laptop","100.00","Efectivo"
"925","994","Limpieza y formateo","250.00","Efectivo"
"926","995","formateo","125.00","Efectivo"
"927","996","instalacion de 2 programas","70.00","Efectivo"
"928","997","rebicion disco duro edin gonzales","25.00","Efectivo"
"929","998","cambio de piesas ","75.00","Efectivo"
"930","999","Cambio de flex","200.00","Efectivo"
"931","999","ponchada","10.00","Efectivo"
"932","1000","reinstalcion ","50.00","Efectivo"
"933","1001","instalacion office","50.00","Efectivo"
"934","1002","instlacion de programas","125.00","Efectivo"
"935","1003","repacion usb ","50.00","Efectivo"
"936","1004","instalacio office ","40.00","Tarjeta"
"937","1005","disco but win 8","30.00","Tarjeta"
"938","1006","revision wifi ","25.00","Efectivo"
"939","1007","Refil","50.00","Efectivo"
"940","1008","reparacion soporte de pnatalla ","25.00","Efectivo"
"941","1009","refill","50.00","Efectivo"
"942","1010","pochado de cable ","20.00","Efectivo"
"943","1011","Limpieza Acer Mini","150.00","Efectivo"
"944","1012","refil","25.00","Efectivo"
"945","1013","Instalacion juegos tablet","40.00","Efectivo"
"946","1014","hecha de cable ","17.00","Efectivo"
"947","1015","Formateo y programas vario","175.00","Efectivo"
"948","1016","Limpieza y Formateo","200.00","Efectivo"
"949","1017","limpieza y formateo sony vaio rosada","200.00","Efectivo"
"950","1018","areglo de impresoras","50.00","Efectivo"
"951","1019","revision impresora","25.00","Efectivo"
"952","1020","Areglo tablet","75.00","Efectivo"
"953","1021","Poncha de Cable","10.00","Efectivo"
"954","1022","Refil Negro","25.00","Efectivo"
"955","1023","formateo don stanly","100.00","Cheque"
"956","1024","agreglo mac","125.00","Efectivo"
"957","1025","dell lorena paiz ","75.00","Efectivo"
"958","1026","refill","50.00","Efectivo"
"959","1027","cambio de pantalla","95.00","Efectivo"
"960","1028","formateo ","150.00","Efectivo"
"961","1029","refil negro y color","50.00","Efectivo"
"962","1030","office ","35.00","Efectivo"
"963","1031","Formateo","150.00","Efectivo"
"964","1032","laptop marvin alvares","200.00","Efectivo"
"965","1033","Formateo sony","100.00","Efectivo"
"967","1035","limpieza","85.00","Efectivo"
"968","1036","limpieza portatil","150.00","Efectivo"
"969","1037","refil","25.00","Efectivo"
"971","1040","configuraciÃ³n de acces point","20.00","Tarjeta"
"972","1041","Formateo","175.00","Efectivo"
"973","1042","panchada ","10.00","Efectivo"
"975","1044","arreglo de cargador ","75.00","Efectivo"
"976","1045","reviion ","25.00","Efectivo"
"977","1046","Limpieza","50.00","Efectivo"
"978","1047","cambio de pantalla ","50.00","Efectivo"
"979","1048","refil","50.00","Efectivo"
"980","1049","fonchada","20.00","Efectivo"
"981","1050","instalacion de programas","100.00","Efectivo"
"983","1052","Formateo","167.81","Tarjeta"
"984","1053","instalacion de programas","50.00","Efectivo"
"985","1054","Reparacion de cargador","75.00","Efectivo"
"986","1055","Refil","50.00","Efectivo"
"987","1056","instalacion de programa","50.00","Efectivo"
"988","1057","4 refilles","100.00","Efectivo"
"989","1058","cambio de panatalla","50.00","Efectivo"
"990","1059","refil cartucho negro y colores","50.00","Efectivo"
"991","1061","formateo ","150.00","Efectivo"
"992","1063","refill","25.00","Efectivo"
"993","1064","Configuaracion de impresora","15.00","Efectivo"
"994","1065","formateo","150.00","Efectivo"
"995","1066","FORMATEO Y LIMPIEZA","200.00","Efectivo"
"997","1068","refil","50.00","Efectivo"
"998","1070","formateo todo en uno","200.00","Efectivo"
"1000","1072","reparacion de impresora","50.00","Efectivo"
"1001","1073","formateo ","150.00","Tarjeta"
"1002","1074","Activacion de windows","35.00","Efectivo"
"1003","1076","refil","50.00","Efectivo"
"1004","1077","Limpieza Formateo","200.00","Efectivo"
"1005","1079","cambio de pantalla","100.00","Efectivo"
"1006","1080","puntas rj45 ","20.00","Efectivo"
"1007","1081","reparacion de camaras","50.00","Efectivo"
"1008","1082","formateo y limpieza","200.00","Efectivo"
"1009","1083","ponchada de cable ","10.00","Efectivo"
"1010","1084","formateo sony vaio blanco a nombre de byron","150.00","Efectivo"
"1011","1085","formateo","150.00","Efectivo"
"1012","1086","revison  de dos cpu ","50.00","Efectivo"
"1013","1087","cambio de pantalla monica talon","100.00","Efectivo"
"1014","1088","instalacion de red","150.00","Efectivo"
"1015","1089","refil","50.00","Efectivo"
"1016","1090","resureccion acer muerta","500.00","Efectivo"
"1017","1091","Ponchada de Una Terminal","5.00","Efectivo"
"1019","1092","refil","25.00","Efectivo"
"1020","1093","instalacion de programas","75.00","Efectivo"
"1022","1095","cable de red ","19.00","Tarjeta"
"1023","1096","Formateo","150.00","Efectivo"
"1024","1097","refil","25.00","Efectivo"
"1025","1098","configuracion BIOS","25.00","Efectivo"
"1026","1099","programas","50.00","Efectivo"
"1027","1101","Revision y diagnostico","50.00","Efectivo"
"1028","1102","refil","25.00","Efectivo"
"1029","1103","refil","50.00","Efectivo"
"1030","1104","revision de cpu ","30.00","Efectivo"
"1031","1105","refil","25.00","Efectivo"
"1032","1106","cables de red","33.00","Efectivo"
"1033","1107","formateo galaxy tab 3 ","50.00","Efectivo"
"1034","1108","refill","25.00","Efectivo"
"1035","1110","mantenimiento proyector","50.00","Efectivo"
"1036","1111","instalacion de programas","100.00","Efectivo"
"1037","1113","refil","100.00","Efectivo"
"1038","1114","formateo aroldo sosa ","150.00","Efectivo"
"1039","1115","formateo","150.00","Efectivo"
"1040","1116","Reparacion Tablet","75.00","Efectivo"
"1042","1118","cambio de teclado","50.00","Efectivo"
"1044","1119","colocacion  de pantalla ","50.00","Deposito"
"1045","1120","cable utp","6.00","Efectivo"
"1046","1121","mantenimiento impresora ","50.00","Cheque"
"1047","1122","cable de red","10.00","Efectivo"
"1048","1123","Formateo","150.00","Efectivo"
"1049","1124","formateo","150.00","Efectivo"
"1050","1125","refil","25.00","Efectivo"
"1051","1126","formateo carlos perez","150.00","Efectivo"
"1052","1127","dvd quemado ","25.00","Efectivo"
"1053","1128","formtateo","125.00","Efectivo"
"1054","1129","Soporte","75.00","Efectivo"
"1056","1131","refil","50.00","Efectivo"
"1057","1132","formateo urgente portatil","200.00","Efectivo"
"1058","1133","formateo","125.00","Efectivo"
"1059","1134","combo formateo y limpieza","225.00","Efectivo"
"1060","1135","offis y antivirus ","100.00","Efectivo"
"1061","1136","pocheo de cables","21.00","Efectivo"
"1062","1137","instalacion de programas","50.00","Efectivo"
"1063","1138","formateo","150.00","Efectivo"
"1064","1139","instalacion de juego","35.00","Efectivo"
"1065","1140","refil","50.00","Efectivo"
"1066","1141","refil ","25.00","Efectivo"
"1067","1142","formateo hp mario bros","175.00","Efectivo"
"1068","1143","formateo ","150.00","Efectivo"
"1069","1144","Revision","25.00","Efectivo"
"1070","1145","Limpieza","75.00","Efectivo"
"1071","1146","refil","25.00","Efectivo"
"1072","1147","Formateo ","150.00","Efectivo"
"1073","1149","instalacion de skype","25.00","Efectivo"
"1074","1150","refil","50.00","Efectivo"
"1075","1151","instalacion de impresora en la compu","50.00","Efectivo"
"1076","1152","formateo","125.00","Efectivo"
"1077","1153","resacatar info ","50.00","Efectivo"
"1078","1154","ponchada","5.00","Efectivo"
"1079","1155","refil","25.00","Efectivo"
"1080","1156","FORMATEO SONY BLANCA","150.00","Efectivo"
"1081","1157","puertos usb internos","25.00","Efectivo"
"1082","1158","refil","50.00","Efectivo"
"1083","1159","activacion","25.00","Efectivo"
"1084","1161","Cambio de Teclado Angel Morales","75.00","Deposito"
"1085","1162","formateo","125.00","Efectivo"
"1086","1163","limpiesa igss ","468.75","Cheque"
"1087","1164","formateo","150.00","Efectivo"
"1088","1165","activacion de oficce","25.00","Efectivo"
"1089","1166","formateo pc muni san jose","200.00","Efectivo"
"1090","1167","limpieza asus cindy","150.00","Efectivo"
"1091","1168","instalacion de programas","50.00","Efectivo"
"1092","1170","limpieza ","75.00","Efectivo"
"1093","1170","cambio de flex ","50.00","Deposito"
"1094","1171","limpieza portatil ","150.00","Efectivo"
"1095","1172","limpieza interna cpu","200.00","Efectivo"
"1096","1174","formateo","150.00","Efectivo"
"1097","1175","cable utp","9.50","Tarjeta"
"1098","1176","cable utp","10.00","Efectivo"
"1099","1177","cable utp ","25.00","Efectivo"
"1100","1178","cable","10.00","Efectivo"
"1101","1179","ReparaciÃ³n SO","125.00","Efectivo"
"1102","1180","descarga ","15.00","Efectivo"
"1103","1181","refil ","75.00","Efectivo"
"1104","1182","imresora ","30.00","Efectivo"
"1105","1183","formateo","150.00","Efectivo"
"1107","1185","instalacion de programas","47.50","Tarjeta"
"1108","1186","Soporte A Macbook Pro","250.00","Efectivo"
"1109","1187","instalacion de programas","50.00","Efectivo"
"1110","1188","refil","50.00","Efectivo"
"1111","1189","programa ","50.00","Efectivo"
"1112","1190","reparacion de flex","50.00","Efectivo"
"1113","1191","recovery  tablet nuqlep","75.00","Efectivo"
"1114","1192","formateo","125.00","Efectivo"
"1115","1193","cambio de teclado","50.00","Efectivo"
"1116","1194","formateo y limpieza cpu","200.00","Efectivo"
"1117","1195","formateo y limpiezqa ","150.00","Efectivo"
"1118","1196","instalasion de office en mac","100.00","Efectivo"
"1119","1197","refil","25.00","Efectivo"
"1120","1198","formateo instalacion varios ","200.00","Efectivo"
"1121","1200","Formateo","150.00","Efectivo"
"1122","1201","diagnostico de mac","50.00","Efectivo"
"1123","1202","reparaccion de sony rony","300.00","Efectivo"
"1125","1203","limpieza portatil","142.50","Tarjeta"
"1126","1204","refil","50.00","Efectivo"
"1127","1205","activacion office","35.00","Efectivo"
"1128","1206","REFIL","25.00","Efectivo"
"1129","1207","limpieza interna de impresora HP","150.00","Efectivo"
"1131","1210","REFIL","50.00","Efectivo"
"1132","1211","formateo","75.00","Efectivo"
"1133","1212","formateo","150.00","Efectivo"
"1134","1213","formateo","75.00","Efectivo"
"1135","1214","refil ","25.00","Efectivo"
"1136","1215","refil","50.00","Efectivo"
"1137","1216","formaeto denis ","75.00","Deposito"
"1138","1217","Refil Color Y Negro","50.00","Efectivo"
"1139","1218","formateo 2 cpu","275.00","Efectivo"
"1140","1219","venta de cable dvi","45.00","Cheque"
"1141","1220","refill","25.00","Efectivo"
"1143","1222","diagnostico y rebicion toshiba i7","25.00","Efectivo"
"1144","1223","juego","50.00","Efectivo"
"1145","1224","instalacion de office","20.00","Efectivo"
"1146","1225","reseteo de tablet","50.00","Efectivo"
"1147","1226","rerfil","50.00","Efectivo"
"1148","1227","ponchado ","10.00","Efectivo"
"1149","1228","revision","55.00","Efectivo"
"1150","1229","InstalaciÃ³n terminales Tontas Coban Alta Verapaz","700.00","Deposito"
"1151","1230","instalcion ","35.00","Efectivo"
"1152","1231","ponchado","10.00","Efectivo"
"1153","1232","limpieza y compostura de boton izquierdo del mouse","185.00","Efectivo"
"1154","1233","Rep. Boton de encendido","50.00","Efectivo"
"1155","1234","instalacion de antivirus","25.00","Efectivo"
"1156","1235","limpieza y formateo (SAN LUIS PETEN)","225.00","Credito"
"1157","1236","formateo","100.00","Efectivo"
"1158","1237","formateo adonaÃ­","95.00","Efectivo"
"1159","1241","Refil Color y negro","50.00","Efectivo"
"1160","1242","formateo","150.00","Efectivo"
"1161","1243","ponchado","6.00","Efectivo"
"1162","1244","InstalaciÃ²n de Antivirus","25.00","Efectivo"
"1163","1246","disco de windows 7","50.00","Efectivo"
"1164","1247","Refil de cartucho negro","25.00","Efectivo"
"1165","1248","refil","50.00","Efectivo"
"1166","1249","instalacion master coleccion y formateo","185.00","Efectivo"
"1167","1250","instalacion de teclado","25.00","Efectivo"
"1168","1251","formateo","150.00","Efectivo"
"1169","1252","solucion problema  wifi","25.00","Efectivo"
"1170","1254","cambio de piezas nelson ","90.00","Deposito"
"1171","1255","refil","50.00","Efectivo"
"1172","1256","revision","25.00","Efectivo"
"1173","1257","office ","35.00","Efectivo"
"1174","1258","reparacion cargador","35.00","Efectivo"
"1175","1259","Formateo","150.00","Efectivo"
"1176","1260","INSTALACION DE OFFICE","35.00","Efectivo"
"1177","1261","Formateo","150.00","Efectivo"
"1178","1262","antivirus","35.00","Efectivo"
"1179","1263","limpieza y mantenimiento","150.00","Efectivo"
"1182","1265","Refil","50.00","Efectivo"
"1183","1266","Soporte","50.00","Efectivo"
"1184","1267","Formateo","150.00","Efectivo"
"1186","1269","refill","50.00","Efectivo"
"1187","1270","soldadura de usb","25.00","Efectivo"
"1188","1271","diagnostico de soni vaio","25.00","Efectivo"
"1189","1272","formate ","95.00","Deposito"
"1190","1273","ponchada","10.00","Efectivo"
"1191","1274","3 formateos a muni san jose","375.00","Efectivo"
"1192","1275","Raparacion monitor","30.00","Efectivo"
"1193","1276","Refil","50.00","Efectivo"
"1194","1277","refil","50.00","Efectivo"
"1195","1279","refil","25.00","Efectivo"
"1196","1280","instalacion de drivers","75.00","Efectivo"
"1197","1281","limpiesa cpu, insalacion office, istalacion office","250.00","Efectivo"
"1198","1282","ACTIVACION ","33.00","Tarjeta"
"1199","1284","formateo disco durl","125.00","Efectivo"
"1200","1286","Refil","25.00","Efectivo"
"1201","1287","formateo mac ","200.00","Efectivo"
"1202","1288","refil","25.00","Efectivo"
"1203","1289","formateo","150.00","Efectivo"
"1204","1290","venta de programa","30.00","Efectivo"
"1205","1291","cable s ponchado ","32.00","Efectivo"
"1206","1292","refil","25.00","Efectivo"
"1207","1294","FORMATEO","150.00","Efectivo"
"1208","1295","instalacion de programa","50.00","Efectivo"
"1209","1296","regeneracion","75.00","Efectivo"
"1210","1297","pantalla colocacion ","50.00","Deposito"
"1211","1298","Config. Accespoint","50.00","Efectivo"
"1212","1299","rescate de informacion","50.00","Efectivo"
"1213","1300","refil","50.00","Efectivo"
"1214","1301","Limpieza interna Desktop Byron EspaÃ±a/ICTA","150.00","Efectivo"
"1216","1303","Limpieza y formateo, Nataly Cordova","250.00","Efectivo"
"1217","1304","formateo","100.00","Efectivo"
"1218","1305","formateo","150.00","Efectivo"
"1219","1306","formateo","150.00","Efectivo"
"1220","1307","Refil","50.00","Efectivo"
"1221","1308","Refiles","50.00","Efectivo"
"1222","1309","instalacion de motherboar JJ","25.00","Efectivo"
"1224","1311","Formateo","150.00","Efectivo"
"1225","1312","instalacion de impresora l555","50.00","Efectivo"
"1226","1313","refil","50.00","Efectivo"
"1227","1314","refil","25.00","Efectivo"
"1228","1315","formateo ipad","125.00","Efectivo"
"1229","1316","Quemada disco Windows 8","75.00","Efectivo"
"1231","1317","cambio de tarjeta madre","43.15","Tarjeta"
"1232","1318","Instalacion de Impresora, L555, Zacapa","134.00","Efectivo"
"1233","1319","formateo ","150.00","Efectivo"
"1234","1320","formateo","125.00","Efectivo"
"1235","1321","formateo","150.00","Deposito"
"1236","1322","Formateo HP Jose Luis Gonzalez","150.00","Efectivo"
"1237","1323","Instalacion de Office","35.00","Efectivo"
"1238","1324","refil","25.00","Efectivo"
"1239","1325","refil","50.00","Efectivo"
"1240","1326","limpieza","150.00","Efectivo"
"1241","1327","configuracion de router","30.00","Efectivo"
"1242","1328","Formateo adelanto","75.00","Efectivo"
"1243","1329","programas ","125.00","Efectivo"
"1244","1330","formateo de asus","150.00","Efectivo"
"1245","1331","Reparacion","35.00","Efectivo"
"1246","1332","configuracion de red","50.00","Efectivo"
"1247","1333","cambio de pantalla","50.00","Efectivo"
"1248","1334","formateo acer","150.00","Efectivo"
"1249","1335","InstalaciÃ³n de Office 2013","50.00","Efectivo"
"1250","1336","Formateo ","100.00","Efectivo"
"1251","1337","correo ","15.00","Efectivo"
"1252","1338","Limpieza interna","150.00","Efectivo"
"1253","1339","refil tinta negra","25.00","Efectivo"
"1254","1339","reparaciÃ³n de cargador hp mini","40.00","Efectivo"
"1256","1341","formateo toshiba mini azul","75.00","Efectivo"
"1257","1342","receteo de almudilla epson 210","40.00","Efectivo"
"1258","1343","Reparacion de ventilador para HP Mini","30.00","Efectivo"
"1259","1344","instalacion de programas","50.00","Efectivo"
"1260","1345","refil cartucho negro y color","50.00","Efectivo"
"1261","1346","refil ","30.00","Efectivo"
"1262","1347","driver instalacion ","30.00","Efectivo"
"1263","1348","refil ","75.00","Efectivo"
"1264","1349","combo de formateo y limpieza","206.00","Efectivo"
"1265","1350","Combo Formateo y Limpieza Desktop","56.00","Efectivo"
"1266","1351","Revision de Maquina","50.00","Efectivo"
"1267","1352","reparacion de compu ","40.00","Efectivo"
"1268","1353","formateo ","150.00","Efectivo"
"1269","1354","instalacion de unidad optica para laptop","45.00","Efectivo"
"1270","1355","ADELANTO COMBO FORMATEO ","56.00","Efectivo"
"1271","1356","Pasado de Informacion de Disco Duro a Disco Extern","30.00","Efectivo"
"1272","1358","reparacion ","25.00","Efectivo"
"1273","1359","Ponchada de Cable ","15.00","Efectivo"
"1274","1360","formateo ","150.00","Efectivo"
"1275","1361","refil","25.00","Efectivo"
"1276","1362","Formateo Combo","100.00","Efectivo"
"1277","1363","formateo ","100.00","Efectivo"
"1278","1364","refil ambos cartuchos","50.00","Efectivo"
"1279","1365","Refiles cartuchos Negros","50.00","Efectivo"
"1280","1366","activacion de antivirus nod 32","20.00","Efectivo"
"1281","1367","formateo ","125.00","Efectivo"
"1283","1369","Formateo promocion","206.00","Efectivo"
"1284","1371","Formateo completo combo","206.00","Tarjeta"
"1286","1372","Descarga de controladores","50.00","Efectivo"
"1288","1374","reparacion audifonos iphone","15.00","Efectivo"
"1289","1375","refil ","50.00","Efectivo"
"1290","1376","refil josue ","50.00","Efectivo"
"1291","1377","Limpieza profunda","150.00","Efectivo"
"1292","1378","Cambio de Motherboard","50.00","Efectivo"
"1293","1379","instalacion de pantalla","50.00","Deposito"
"1294","1380","desinfeccion","10.00","Efectivo"
"1295","1381","Reparacion de Cargador Toshiba","50.00","Efectivo"
"1296","1382","Configuracion de PDF","10.00","Efectivo"
"1297","1383","reparacion de cargador ","75.00","Efectivo"
"1299","1385","Formateo de disco duro para portatil","71.92","Tarjeta"
"1300","1386","combo limpieza y formateo","202.00","Efectivo"
"1302","1388","combo soporte y formateo","202.00","Tarjeta"
"1303","1389","Reparacion y Limieza Toshiba","300.00","Efectivo"
"1305","1391","soporte","50.00","Efectivo"
"1306","1393","combo limpieza y formateo","203.00","Efectivo"
"1307","1396","ActivaciÃ³n Nod 32","26.00","Efectivo"
"1308","1397","formateo","150.00","Efectivo"
"1310","1399","gomitas de adifonos","20.00","Efectivo"
"1311","1400","combo formateo limpieza","150.00","Efectivo"
"1312","1402","refil","25.00","Efectivo"
"1313","1403","refil ","25.00","Efectivo"
"1314","1407","reparacion cable datos","35.00","Efectivo"
"1315","1408","instalacion cartuchos a canon mp230","10.00","Efectivo"
"1316","1409","configuracion de red","50.00","Efectivo"
"1317","1412","Combo formateo soporte","190.83","Tarjeta"
"1318","1413","formateo hp silvia decorazul","150.00","Efectivo"
"1319","1414","reparaciÃ³n de caÃ±onera","75.00","Efectivo"
"1322","1417","combo formateo limpieza","52.00","Efectivo"
"1323","1418","configuracion de router","25.00","Efectivo"
"1324","1420","refil","50.00","Efectivo"
"1325","1421","Fotoshop","50.00","Efectivo"
"1326","1422","Diagnostico, Samsung, Cargador malo","25.00","Efectivo"
"1327","1424","Reparacion de Puerto de Carga","150.00","Efectivo"
"1328","1425","instalacion de disco duro","80.00","Efectivo"
"1329","1426","formateo","175.00","Efectivo"
"1330","1427","refil","25.00","Efectivo"
"1331","1428","refil","25.00","Efectivo"
"1333","1429","formateo tablet","125.00","Efectivo"
"1334","1430","instalacion de programas","25.00","Efectivo"
"1335","1431","Reparacion dell N5110","50.00","Efectivo"
"1336","1432","receteo de impresora epson","30.00","Efectivo"
"1337","1433","revicin ","25.00","Efectivo"
"1338","1434","formateo todo en uno","150.00","Efectivo"
"1340","1436","formateo","150.00","Efectivo"
"1341","1437","refil ","50.00","Efectivo"
"1342","1438","limpieza dell quebrada","100.00","Efectivo"
"1343","1439","Formateo ","103.00","Efectivo"
"1344","1440","PONCHADA DE CABLE","10.00","Efectivo"
"1345","1441","cambio de ventilador ","85.00","Deposito"
"1346","1442","REPARCION DE PUERTO","50.00","Efectivo"
"1347","1443","instalacion de office","50.00","Efectivo"
"1348","1444","actualizacion de software galaxy tab 3","15.00","Efectivo"
"1349","1445","Limpieza y reprcion ","200.00","Efectivo"
"1350","1446","Reparacion de CaÃ±orena","150.00","Efectivo"
"1351","1447","limpieza sony ","150.00","Efectivo"
"1352","1449","Refil de cartuchos MG2410","30.00","Efectivo"
"1353","1450","Instalacion de office","50.00","Efectivo"
"1354","1451","ponchaso","10.00","Efectivo"
"1355","1452","refiles ","50.00","Efectivo"
"1356","1453","instalacion de compu","50.00","Efectivo"
"1357","1454","refil","50.00","Efectivo"
"1358","1455","refil","50.00","Efectivo"
"1359","1456","refil","25.00","Efectivo"
"1360","1457","ponchada de cable de red","20.00","Efectivo"
"1361","1458","instalacion master collection","50.00","Efectivo"
"1363","1460","ponchada","10.00","Efectivo"
"1364","1461","formateo","125.00","Efectivo"
"1365","1462","instalacion fotoShop","50.00","Efectivo"
"1366","1464","pasar informacion en una usb","15.00","Efectivo"
"1367","1466","Refil ","25.00","Efectivo"
"1368","1467","cable ponch","11.00","Efectivo"
"1369","1468","ponchada","11.03","Tarjeta"
"1370","1469","Refiles","50.00","Efectivo"
"1371","1470","Formateo ","125.00","Efectivo"
"1372","1471","formateo","119.87","Tarjeta"
"1373","1472","istalacion de drivers","15.00","Efectivo"
"1374","1473","Puesta de pasa termica ","25.00","Efectivo"
"1375","1474","cable de red","25.00","Efectivo"
"1376","1475","refil","25.00","Efectivo"
"1377","1475","refil color negro","50.00","Efectivo"
"1378","1475","Limpiesa","150.00","Efectivo"
"1379","1476","formateo","125.00","Cheque"
"1380","1477","bateria ","10.00","Cheque"
"1381","1478","Diagnostico","50.00","Efectivo"
"1382","1479","soldadura de boton","35.00","Tarjeta"
"1383","1480","ponchada","10.00","Efectivo"
"1384","1481","instalacion de nero ","25.00","Efectivo"
"1385","1482","formateo","150.00","Efectivo"
"1386","1483","cables sata","20.00","Efectivo"
"1387","1485","formateo colegio amanecer","150.00","Cheque"
"1388","1486","office 2010","41.50","Efectivo"
"1389","1488","limpieza","53.00","Cheque"
"1390","1489","Limpieza profunda laptop","150.00","Efectivo"
"1391","1490","Diagnostico","50.00","Efectivo"
"1392","1491","reparacion de puerto de carga de acer","75.00","Efectivo"
"1393","1492","combo limpieza formateo","203.00","Tarjeta"
"1394","1493","limpieza de portatil ","150.00","Efectivo"
"1395","1494","Reparacion De Proyector","75.00","Efectivo"
"1396","1495","refil","25.00","Efectivo"
"1397","1496","Limpieza Laptop","150.00","Efectivo"
"1399","1497","limpieza de laptop","150.00","Efectivo"
"1400","1498","cambio de ventilador portatil","80.00","Efectivo"
"1401","1500","reconfiracion de caja registradora","150.00","Efectivo"
"1402","1501","limpieza CPU","150.00","Efectivo"
"1403","1502","Soporte Tecnico y Mantenimiento","200.00","Efectivo"
"1404","1503","programas ","50.00","Efectivo"
"1405","1504","instalacion de pantalla","50.00","Deposito"
"1406","1505","Formateo, CPU Raul Chacon","125.00","Deposito"
"1407","1506","formateo","150.00","Efectivo"
"1408","1507","Cable VGA a VGA","25.00","Efectivo"
"1409","1508","Combo Formateo Y Limpieza","263.00","Efectivo"
"1410","1509","refil negro","25.00","Efectivo"
"1411","1510","actrualizacion ","20.00","Efectivo"
"1412","1511","Refil","25.00","Efectivo"
"1413","1512","revisiÃ³n y diagnostico ","50.00","Efectivo"
"1414","1513","formateo y limpieza adelanto ","53.00","Efectivo"
"1415","1514","reparacion ","250.00","Efectivo"
"1416","1515","refiles","50.00","Efectivo"
"1417","1516","revision sony","50.00","Efectivo"
"1418","1518","Formateo y mantenimiento laptop hp 1000","203.00","Efectivo"
"1419","1519","instalaciÃ³n de juegos tablet","50.00","Efectivo"
"1420","1520","combo de limpieza y formateo","203.00","Efectivo"
"1421","1521","Soporte Tecnico","35.00","Efectivo"
"1422","1522","refil color ","25.00","Efectivo"
"1423","1523","refil negro","25.00","Efectivo"
"1424","1524","instalacion d office","50.00","Efectivo"
"1425","1525","refil ","50.00","Efectivo"
"1426","1525","formateo ","100.00","Efectivo"
"1427","1526","instalacion de modem","25.00","Efectivo"
"1428","1527","formateo","50.00","Efectivo"
"1429","1529","Cambio de pantalla","50.00","Efectivo"
"1430","1531","combo formateo y rescatar informacion","253.00","Efectivo"
"1431","1532","combo formate","203.00","Efectivo"
"1432","1533","cable utp ","15.00","Efectivo"
"1435","1535","Calentamiento chip de video Rony","75.00","Efectivo"
"1436","1536","Diagnostico Sony VAIO Jorge pineda","50.00","Efectivo"
"1437","1537","desbloqueo de tablet","50.00","Efectivo"
"1439","1539","desarmada y rearmada de laptop","25.00","Efectivo"
"1440","1539","instalacion de teclado toshiba","50.00","Efectivo"
"1441","1540","combo limpieza y formateo","203.00","Efectivo"
"1442","1541","instalacion de flex hp g45","50.00","Efectivo"
"1443","1544","diagnostico","50.00","Efectivo"
"1444","1545","limpieza de monitor","25.00","Efectivo"
"1445","1546","combo formateo limpiesa","203.00","Efectivo"
"1446","1547","Refiles","50.00","Efectivo"
"1447","1549","refil","50.00","Efectivo"
"1448","1550","combo formateo y limpieza","203.00","Efectivo"
"1449","1551","instalacion de programa para reproducir musica ds","50.00","Efectivo"
"1450","1552","instalacion de sistema","50.00","Efectivo"
"1451","1553","formateo ","125.00","Efectivo"
"1452","1555","diagnostico tarjeta madre","50.00","Efectivo"
"1453","1556","instalacion de pantalla","50.00","Efectivo"
"1454","1558","instalacion de disco","15.00","Efectivo"
"1455","1560","limpieza y recalentamiento chip d video","150.00","Efectivo"
"1456","1561","refil","75.00","Efectivo"
"1457","1562","Mantenimiento de Computadora Hotel Canja","150.00","Efectivo"
"1458","1563","limpieza maquina ","75.00","Efectivo"
"1459","1563","areglar audio laptop","75.00","Efectivo"
"1460","1564","refil","25.00","Efectivo"
"1462","1565","combo limpieza y formateo","205.00","Deposito"
"1464","1565","instalacion de pantalla","50.00","Efectivo"
"1465","1566","limpieza y formateo","228.00","Efectivo"
"1466","1568","ponchada de calbe ","16.00","Efectivo"
"1467","1569","formateo y limpieza","250.00","Efectivo"
"1468","1571","restauraciÃ³n de Sistema Tablet","50.00","Efectivo"
"1469","1572","limpieza y formateo ","166.00","Efectivo"
"1470","1574","FORMATEO","150.00","Efectivo"
"1471","1575","poche de cable","16.00","Efectivo"
"1472","1576","diagnostico","25.00","Efectivo"
"1473","1577","limpieza","150.00","Efectivo"
"1474","1578","Ponchadora ","15.00","Efectivo"
"1475","1579","restauracion de disco","25.00","Efectivo"
"1476","1580","instalacion de teclado toshiba mini","50.00","Cheque"
"1477","1581","cable sata","10.00","Efectivo"
"1478","1582","recuperacion de sistema tablet galaxy tab 3","50.00","Efectivo"
"1479","1583","formateo y ponche de cable","156.00","Efectivo"
"1480","1584","Formateo","150.00","Efectivo"
"1481","1585","refil","25.00","Efectivo"
"1482","1588","cambio de pantalla","47.95","Tarjeta"
"1483","1589","refiles ","50.00","Efectivo"
"1484","1590","cambio de pntalla","47.95","Tarjeta"
"1486","1592","formateo","100.00","Cheque"
"1487","1593","refil","25.00","Efectivo"
"1488","1594","refil color y negro","50.00","Efectivo"
"1489","1595","ponche de cable","10.00","Efectivo"
"1490","1596","combo limpieza y formateo","203.00","Efectivo"
"1491","1597","cambio de cartuchos ","35.00","Efectivo"
"1493","1599","formateo","150.00","Efectivo"
"1494","1601","formateo y limpieza","203.00","Cheque"
"1495","1602","quema de windows7","47.00","Efectivo"
"1496","1603","limpieza calentamiento de chip","200.00","Efectivo"
"1497","1604","refil","25.00","Efectivo"
"1498","1605","preparacion de maquina","125.00","Efectivo"
"1499","1607","Instalacion Conectores","15.00","Efectivo"
"1500","1609","Repacacion de impresora","35.00","Efectivo"
"1501","1610","instalacion de motherboard","25.00","Efectivo"
"1503","1611","cambio de pantalla","50.00","Tarjeta"
"1504","1612","combo formateo y limpieza","203.00","Efectivo"
"1507","1614","diagnostico","50.00","Efectivo"
"1508","1615","combo limpieza y formateo","213.00","Efectivo"
"1509","1616","reparacion impresora ","35.00","Efectivo"
"1510","1617","instalacion de Office","50.00","Efectivo"
"1511","1618","programas ","50.00","Efectivo"
"1512","1619","Refil","50.00","Efectivo"
"1513","1620","Cambio de boton y cambio de bateria de laptop","335.00","Efectivo"
"1514","1621","diagnostico","25.00","Efectivo"
"1515","1622","cambi de teclado","50.00","Efectivo"
"1516","1623","combo limpieza y formateo","275.00","Efectivo"
"1517","1624","flasheo","54.00","Cheque"
"1518","1625","formateo","150.00","Efectivo"
"1519","1626","Formateo de Compu Byron","125.00","Efectivo"
"1520","1627","refil","50.00","Efectivo"
"1521","1628","combo limpieza y formateo","203.00","Efectivo"
"1522","1629","ponche de cable","20.00","Efectivo"
"1523","1630","reparacion de cargador ","75.00","Efectivo"
"1524","1631","cambio de pantalla","50.00","Efectivo"
"1525","1632","rebicion y diagnostico","47.50","Tarjeta"
"1526","1633","refil","25.00","Efectivo"
"1527","1634","limpieza y formateo ","250.00","Efectivo"
"1528","1635","formateo","125.00","Efectivo"
"1529","1636","Instalacion de juegos ","100.00","Efectivo"
"1530","1638","instalacion de antivirus nod32","35.00","Efectivo"
"1531","1639","diagnostico","50.00","Efectivo"
"1532","1641","cable red","10.00","Efectivo"
"1533","1642","formateo","100.00","Efectivo"
"1534","1643","formateo","100.00","Efectivo"
"1535","1644","diagnostico","50.00","Efectivo"
"1536","1645","diagnostico","50.00","Efectivo"
"1537","1646","diagnostico todo en uno hp","50.00","Efectivo"
"1538","1647","instalacion de memoria ram","61.00","Efectivo"
"1539","1649","formateo realice","150.00","Efectivo"
"1540","1650","boot win 8.1","50.00","Efectivo"
"1541","1651","limpieza","150.00","Efectivo"
"1542","1652","formateo","150.00","Efectivo"
"1543","1653","pasar informacion a disco duro","50.00","Efectivo"
"1544","1654","instalacion de programa","50.00","Efectivo"
"1546","1657","formateo y limpieza doctorsita","200.00","Efectivo"
"1547","1659","reparacion de cargador","150.00","Efectivo"
"1548","1660","sacar infermocion","50.00","Efectivo"
"1549","1661","instalacion de impresora","50.00","Efectivo"
"1550","1662","formateo de sony vaio","150.00","Efectivo"
"1551","1663","refil negro","25.00","Efectivo"
"1552","1664","Poncheo de cable","10.00","Efectivo"
"1553","1665","Cambio de Pantalla ","50.00","Tarjeta"
"1554","1666","Diagnostico Laptop","50.00","Efectivo"
"1555","1667","activacion del office","25.00","Efectivo"
"1557","1668","Cable de monitor","25.00","Efectivo"
"1558","1669","refil cartuchos 2","50.00","Efectivo"
"1559","1670","instalacion de antivirus","25.00","Efectivo"
"1560","1671","diagnostico 2 computadoras estudiante","50.00","Efectivo"
"1561","1672","reparacion de cargador","150.00","Efectivo"
"1562","1673","flex de  disco duro","125.00","Efectivo"
"1565","1676","dos refiles","50.00","Efectivo"
"1566","1677","Byron Diagnostico","25.00","Efectivo"
"1567","1678","refil","25.00","Efectivo"
"1568","1679","cambio pasta termica","35.00","Efectivo"
"1569","1680","diagnostico","50.00","Efectivo"
"1570","1681","formateo limpieza ","250.00","Efectivo"
"1571","1682","reparacion cpu cambio de bateria","20.00","Efectivo"
"1572","1683","refi","25.00","Efectivo"
"1573","1684","refiles","50.00","Efectivo"
"1574","1685","limpiesa portatil","95.00","Tarjeta"
"1575","1686","Cambio de teclado","50.00","Efectivo"
"1576","1687","refiles C, B","50.00","Efectivo"
"1577","1688","reparacion de cargador","150.00","Efectivo"
"1578","1690","refil","50.00","Efectivo"
"1579","1691","refil","25.00","Efectivo"
"1580","1692","combos formateo i limpieza coosajo","500.00","Cheque"
"1581","1694","refiles","50.00","Efectivo"
"1582","1695","instalacion de programa impresora","25.00","Efectivo"
"1583","1696","instalacion de windows 8.1 en cd","50.00","Efectivo"
"1584","1699","combo formateo y limpieza","250.00","Efectivo"
"1585","1700","reseteo impresora l120","30.00","Efectivo"
"1588","1703","cambio de memoria ram","155.00","Efectivo"
"1589","1704","rfefil","25.00","Efectivo"
"1590","1705","ponchada de cable","11.75","Efectivo"
"1591","1706","combo soporte y formateo","250.00","Efectivo"
"1592","1707","refil ","25.00","Efectivo"
"1593","1708","refil","50.00","Efectivo"
"1594","1709","refiles ","50.00","Efectivo"
"1595","1710","refil","50.00","Efectivo"
"1596","1711","formateo","200.00","Efectivo"
"1597","1712","cambio de motherboard y cable sata","30.00","Efectivo"
"1598","1713","cable sata","10.00","Efectivo"
"1599","1715","revicion ","50.00","Efectivo"
"1600","1716","formateo y limpiesa","200.00","Efectivo"
"1601","1717","refil","50.00","Efectivo"
"1602","1718","Limpiesa adelanto","50.00","Efectivo"
"1603","1719","instalacion de windows en cd","50.00","Efectivo"
"1604","1720","refil","50.00","Efectivo"
"1605","1721","refil","50.00","Efectivo"
"1606","1722","refil","50.00","Efectivo"
"1607","1723","refil","50.00","Efectivo"
"1608","1724","2 combo de formateo","500.00","Cheque"
"1609","1725","formateo y limpieza","213.00","Efectivo"
"1610","1726","refil color y negro","50.00","Efectivo"
"1611","1727","Refiles ","50.00","Efectivo"
"1612","1728","refil","25.00","Efectivo"
"1613","1728","instalacion de programa","25.00","Efectivo"
"1614","1729","progrmas ","75.00","Efectivo"
"1615","1730","soporte","275.00","Efectivo"
"1617","1732","cambio de case ","50.00","Efectivo"
"1618","1733","Diagnostico","50.00","Efectivo"
"1619","1734","Soporte tecnico, mantenimiento laptop","75.00","Efectivo"
"1620","1735","formateo","125.00","Efectivo"
"1621","1736","programa ","50.00","Efectivo"
"1622","1737","instalacion de ofice","50.00","Efectivo"
"1623","1738","instalacion de pantalla","50.00","Efectivo"
"1625","1740","formateo ","142.50","Tarjeta"
"1626","1741","instalacion","15.00","Efectivo"
"1627","1742","instalacion de impresora","15.00","Efectivo"
"1628","1743","Cable usb","15.00","Efectivo"
"1629","1744","istalacion de driver","15.00","Efectivo"
"1630","1745","Refil Negro","25.00","Efectivo"
"1631","1746","Kit Formateo y Limpieza","250.00","Efectivo"
"1632","1747","formateo y limpieza","250.00","Efectivo"
"1633","1748","refil","50.00","Efectivo"
"1635","1749","refil","20.00","Efectivo"
"1636","1750","formateo ","100.00","Deposito"
"1637","1751","puesta de pantalla y reparacion","100.00","Efectivo"
"1638","1752","Reparacion ups","10.00","Efectivo"
"1639","1753","FORMATEO ","150.00","Efectivo"
"1640","1754","LIMPIEZA INTERNA","150.00","Efectivo"
"1641","1755","instalacion de programa","50.00","Efectivo"
"1642","1756","cambio de fuente","30.00","Efectivo"
"1643","1757","REPARACION DE CARGADOR HP MINI","150.00","Efectivo"
"1644","1758","2 refil","50.00","Efectivo"
"1645","1759","instalacion ","25.00","Efectivo"
"1646","1760","adelanto de Instalacion de Pantalla Cunori","125.00","Efectivo"
"1647","1761","formateo","150.00","Efectivo"
"1648","1762","refil","25.00","Efectivo"
"1649","1763","refil}","50.00","Efectivo"
"1650","1765","formateo","150.00","Efectivo"
"1651","1766","LIMPIEZA  Y DRIVERS ","175.00","Efectivo"
"1652","1767","refil","25.00","Efectivo"
"1653","1768","refil ","50.00","Efectivo"
"1654","1769","reparacion","50.00","Efectivo"
"1655","1769","limpieza ","125.00","Efectivo"
"1656","1770","refil","50.00","Efectivo"
"1657","1770","diagnostico","50.00","Efectivo"
"1658","1771","revision","25.00","Efectivo"
"1661","1773","refil","25.00","Efectivo"
"1662","1775","formateo, limpieza e instalacion de autocad 2014","300.00","Efectivo"
"1663","1776","formateo","160.00","Efectivo"
"1664","1777","revision de tablet","10.00","Efectivo"
"1665","1778","instalacion de Oficce y cable de corriente","70.00","Efectivo"
"1666","1779","refil","40.00","Efectivo"
"1667","1780","Formateo ","143.84","Tarjeta"
"1668","1781","Driver InstalaciÃ³n Impresora MG2410","25.00","Efectivo"
"1669","1782","formateo y limpieza","200.00","Efectivo"
"1670","1783","cable utp cat 6","10.00","Efectivo"
"1671","1784","combo + instalacion de PES 2012","275.00","Efectivo"
"1672","1786","rellenado de tinta negra","20.00","Efectivo"
"1674","1789","rellenado de tinta color","20.00","Efectivo"
"1675","1790","restauraciÃ³n y cambio de sistema","150.00","Tarjeta"
"1676","1792","eliminacion de contraseÃ±a","71.00","Efectivo"
"1677","1793","formateo","150.00","Efectivo"
"1678","1794","recuperacion de archivos,limpieza","200.00","Efectivo"
"1679","1795","Instalacion Driver IP2700","35.00","Efectivo"
"1680","1796","ponchadas","20.00","Efectivo"
"1681","1797","PReparacion de MAquina","125.00","Efectivo"
"1682","1798","PORNCHADA","10.00","Efectivo"
"1683","1799","instalacion Office","50.00","Efectivo"
"1684","1800","formateo y limpieza","250.00","Efectivo"
"1685","1801","diagnostico","50.00","Efectivo"
"1686","1802","rellenado de tinta negra ","25.00","Efectivo"
"1687","1803","rellenado de tinta","100.00","Efectivo"
"1688","1804","diagnostico","50.00","Efectivo"
"1689","1805","cables ","30.00","Efectivo"
"1690","1806","Formateo ","150.00","Efectivo"
"1691","1807","Preparacion de Tablet","25.00","Efectivo"
"1692","1808","Refil","25.00","Efectivo"
"1693","1809","refil color y negro","50.00","Efectivo"
"1694","1810","Actializacion de la Bios y Activacion","50.00","Efectivo"
"1695","1811","combo de formateo y limpieza","237.50","Tarjeta"
"1696","1812","Formateo y limpieza","200.00","Efectivo"
"1698","1814","limpieza","100.00","Efectivo"
"1699","1816","refil","25.00","Tarjeta"
"1700","1817","Canbio de cartucho negro que le fallo al cliente p","25.00","Efectivo"
"1701","1819","refil","25.00","Efectivo"
"1702","1818","refil","25.00","Efectivo"
"1703","1820","formateo","125.00","Efectivo"
"1704","1821","maquinas de agua blanca","1750.00","Cheque"
"1705","1822","combo formateo","225.00","Efectivo"